label,threshold,precision,recall,f1,model
jump,0.1,0.2050173010380623,0.6076923076923076,0.30659767141009053,transformer
jump,0.2,0.2861150070126227,0.5230769230769231,0.36990027198549413,transformer
jump,0.30000000000000004,0.27923627684964203,0.3,0.2892459826946848,transformer
jump,0.4,0.3046875,0.2,0.24148606811145512,transformer
jump,0.5,0.3333333333333333,0.04871794871794872,0.08501118568232663,transformer
jump,0.6000000000000001,0.0,0.0,0.0,transformer
jump,0.7000000000000001,0.0,0.0,0.0,transformer
jump,0.8,0.0,0.0,0.0,transformer
jump,0.9,0.0,0.0,0.0,transformer
